,Place Name,Place ID,Latitude,Longitude,Rating,Types,Vicinity,Price Level,URT
0,Boba restaurant,ChIJcXLOO8t_VxURIA8IZt4ncsg,33.3010831,44.3682518,4.2,"['restaurant', 'food', 'point_of_interest', 'establishment']","8929+C7Q, Al, Kindi St, Baghdad",2,149
1,7 chicken restaurant,ChIJNYZ7lzedVxUR8bKcGzoChF0,33.4028186,44.4199301,3.9,"['restaurant', 'food', 'point_of_interest', 'establishment']","CC39+4XF, Ur street, Baghdad",2,102
2,Pappacedo Restaurant & Cafe باباسيدو,ChIJ2fMpPXmBVxURwNle7uPeHTA,33.3081079,44.4398801,3.9,"['restaurant', 'food', 'point_of_interest', 'establishment']","8C5R+722, Baghdad",2,395
3,مطعم السندباد Sindbad Restaurant,ChIJgT9fc_eBVxURPR6Jwwy843s,33.3246353,44.4098659,4.0,"['restaurant', 'food', 'point_of_interest', 'establishment']",Baghdad,2,215
4,Rooster Fried Delicious,ChIJ0cKU4VJ_VxUR9oF6XKR2iO0,33.3217744,44.3376801,4.5,"['restaurant', 'food', 'point_of_interest', 'establishment']","14 Ramadan St, Baghdad",2,33
5,مطعم,ChIJkbHNl6R9VxUR3Bj8gt-WFXU,33.3515015,44.3231546,5.0,"['restaurant', 'food', 'point_of_interest', 'establishment']","400, Baghdad",2,2
6,مطعم براء بركر Baraa Barger Restaurant,ChIJ0yfpssF5VxURc366waJcfmA,33.37530540000001,44.3662854,3.8,"['restaurant', 'food', 'point_of_interest', 'establishment']","Omar Bin Abdul Aziz St, Baghdad",2,90
7,Lee's restaurant,ChIJIav4OfZ_VxURzG1cwQbOprM,33.313023,44.3388179,4.1,"['restaurant', 'food', 'point_of_interest', 'establishment']","65 14 Ramadan St, Baghdad",2,24
8,360 restaurant,ChIJR8fs8LJ_VxUR3FhpXKutYqg,33.2960743,44.3448611,4.1,"['restaurant', 'food', 'point_of_interest', 'establishment']","78WV+CWP, Unnamed Road, Baghdad",2,359
9,D611 restaurant & cafe,ChIJf6A9Q85_VxURKBpYJFqWpxw,33.3067982,44.3356159,4.0,"['restaurant', 'food', 'point_of_interest', 'establishment']","884P+P68, Unnamed Road،, Baghdad",2,167
10,la siesta restaurant مطعم لاسيستا,ChIJhRqymwB_VxUR0Bt9bizKlro,33.3115915,44.3642226,4.1,"['restaurant', 'food', 'point_of_interest', 'establishment']","211 211, Kindi St, Baghdad",2,54
11,Ghawar Al-Tooshy Restaurant,ChIJIyk0rul_VxURMmcE_YpwQu8,33.3163053,44.3555851,5.0,"['restaurant', 'food', 'point_of_interest', 'establishment']","8984+G6G, Mansour St, Baghdad",2,3
12,مطعم كرم بغداد - Karam Baghdad Restaurant,ChIJr0GlR2mBVxURPiARG9Qpuuo,33.2901211,44.4232904,3.6,"['restaurant', 'food', 'point_of_interest', 'establishment']","7CRF+396, Baghdad",2,96
13,Chitirchicken karrada Restaurant,ChIJ4fzceW-BVxURHX58m-eNplY,33.314589,44.4269174,5.0,"['restaurant', 'food', 'point_of_interest', 'establishment']","8C7G+VQ5, Baghdad",2,1
14,MCHA'S Restaurant,ChIJ8e_2vbF_VxURn-9NXRF2IyY,33.3033209,44.3345025,4.0,"['restaurant', 'food', 'point_of_interest', 'establishment']","شارع, Baghdad",2,346
15,مطعم مشويات,ChIJMX94dCLXWRURSw9i7Nq12oE,33.2384498,44.3158898,4.7,"['restaurant', 'food', 'point_of_interest', 'establishment']","68Q8+99C, Unnamed Road, Baghdad",2,3
16,Garden city restaurant,ChIJdwQGzbZ_VxURploibrgYqNE,33.3107278,44.3522013,3.4,"['restaurant', 'food', 'point_of_interest', 'establishment']","Garden city restaurant, Baghdad",2,33
17,Bayt Sham Restaurant مطعم بيت الشام,ChIJETdSuP6FVxURtYLNHuEc58U,33.3059164,44.5165449,0.0,"['restaurant', 'food', 'point_of_interest', 'establishment']","8G48+9JP, Baghdad",2,0
18,Nariyo BBQ,ChIJg0n4OgZ_VxURJjzX0V-W7TM,33.3203819,44.3522816,0.0,"['restaurant', 'food', 'point_of_interest', 'establishment']","89C2+5V8, Rowad St, Baghdad",2,0
19,FataFeat Restaurant,ChIJWbrEWjB-VxURnuKPKvTimYs,33.2909616,44.35361880000001,3.9,"['restaurant', 'food', 'point_of_interest', 'establishment']","79R3+9FR, Baghdad",2,108
20,مطعم اللؤلؤة,ChIJoZrrFS15VxUR-nV44aASrUg,33.3472657,44.3835275,3.0,"['restaurant', 'food', 'point_of_interest', 'establishment']","89WM+WC2, Baghdad",2,2
21,City Center Restaurant مطعم ستي سنتر,ChIJ6ek0qoN_VxURmG1_6K0ZO6w,33.3016992,44.393992,4.0,"['restaurant', 'food', 'point_of_interest', 'establishment']","مول بابيلون, Mansour St, Baghdad",2,2
22,Royal meal restaurant مطعم الوجبة الملكية,ChIJmeZPycd_VxURfSjBKB3CCDc,33.315241,44.3660671,3.0,"['restaurant', 'food', 'point_of_interest', 'establishment']","Ciro mall, Baghdad",2,2
23,Layla Restaurant,ChIJs51MpZJ_VxUR16AIhfeGD4k,33.3128459,44.3336933,4.4,"['restaurant', 'food', 'point_of_interest', 'establishment']","887P+75G, Baghdad",2,10
24,Happy Time Restaurant,ChIJlR0FOFSEVxURDHjxK6OPRlM,33.3157472,44.5089176,4.0,"['restaurant', 'food', 'point_of_interest', 'establishment']","8G85+7HV, Unnamed Rd,, Baghdad",2,118
25,Aleppo House Restaurant,ChIJsyCsEnyBVxURuDWCIrtXaoA,33.3082515,44.4430335,4.1,"['restaurant', 'food', 'point_of_interest', 'establishment']","اا، شارع 62, Baghdad",2,1539
26,مأكولات انس,ChIJ4XtXqZ9_VxURv3GlOum7EoU,33.3124147,44.3248199,5.0,"['restaurant', 'food', 'point_of_interest', 'establishment']","886F+WWW, Baghdad",2,2
27,Diana pizza restaurant بيتزا ديانا,ChIJ-_GCHZWCVxURqh8AYNSYS3A,33.3759585,44.4164592,4.1,"['restaurant', 'food', 'point_of_interest', 'establishment']","9CG8+9HP, Baghdad",2,93
28,Grill and Restaurant Imad,ChIJH6St4EV_VxURFVBJXGXENwU,33.3362664,44.3862059,2.0,"['restaurant', 'food', 'point_of_interest', 'establishment']","89PP+FCQ, الشواكة، بغداد،،, Baghdad",2,2
29,Zarzoor Restaurant - Al Karrada,ChIJo_Sb6puBVxURk6DMtTvTSYQ,33.3050498,44.4311071,3.9,"['restaurant', 'food', 'point_of_interest', 'establishment']","Fetah Square, Baghdad",2,1427
30,Bestoon Samad Restaurant مطعم بيستون صمد الجادرية,ChIJbZ4XeoB_VxURz3eYYs1wrfg,33.2853785,44.3988463,4.1,"['restaurant', 'food', 'point_of_interest', 'establishment']","University street, Baghdad",2,348
31,Happy Time Restaurant,ChIJ5dPfTqGcVxURP5ZVJXM_TVs,33.3856834,44.4709505,3.9,"['restaurant', 'food', 'point_of_interest', 'establishment']","9FPC+798, Baghdad",2,392
32,Nineveh Kabab Restaurant,ChIJw0btn2B-VxURh6Yz0h8zJCI,33.3180433,44.3426619,4.1,"['restaurant', 'food', 'point_of_interest', 'establishment']","Al Mansur St, Baghdad",2,307
33,Latakia Restaurant,ChIJQ8CeIKWBVxURqU8hhh9AXhE,33.2939854,44.4285297,3.8,"['restaurant', 'food', 'point_of_interest', 'establishment']","7CVH+HC8, Arasat Al-Hindiyah, Baghdad",2,420
34,Samad Restaurant,ChIJR029dfl-VxURolz3DHUpQVI,33.3195237,44.3545183,4.1,"['restaurant', 'food', 'point_of_interest', 'establishment']","Mansour, Baghdad",2,2119
35,Zarzour Restaurant,ChIJ31iqPYt-VxURoEV6bKV_i1s,33.3248295,44.3405356,3.9,"['restaurant', 'food', 'point_of_interest', 'establishment']",شارع ابو جعفر المنصور بغداد المنصور شارع ابوجعفر النصور,2,2826
36,Eve Restaurant - مطعم أيف,ChIJzVagJeR_VxURMorr5fXPRtw,33.3010232,44.3371209,3.8,"['restaurant', 'food', 'point_of_interest', 'establishment']","616 Yarmuk Street, Baghdad",2,56
37,مطعم علي الدجيلي,ChIJ-Zri3VjVWRURPGENSu2lCeU,33.2772188,44.3391566,4.4,"['restaurant', 'food', 'point_of_interest', 'establishment']","78GQ+VMM, 30 St, Baghdad",2,10
38,"Shanaşil, Baghdad Restaurant",ChIJJ_iXlP-BVxURO5x85MTu-SI,33.3304714,44.4005461,4.0,"['restaurant', 'food', 'point_of_interest', 'establishment']","8CJ2+56M, Baghdad",2,112
39,Balcony Restaurant,ChIJgakx-nSBVxUR1k392nAiGGM,33.2926945,44.42581879999999,4.2,"['restaurant', 'food', 'point_of_interest', 'establishment']","7CVG+38G, Baghdad",2,92
40,Two Palms Restaurant,ChIJVVVVVVV-VxURyw_M_1lsGco,33.3128884,44.36134999999999,0.0,"['restaurant', 'food', 'point_of_interest', 'establishment']","8976+4HP, Baghdad",2,0
41,Nur restaurant,ChIJQysfqUKBVxURtg-m6EqgBA0,33.3159317,44.4176023,4.2,"['restaurant', 'food', 'point_of_interest', 'establishment']","8C89+929, ابو نؤاس، بغداد،،, Baghdad",2,333
42,Ishtar Restaurant,ChIJT5YGcCzZWRURvmhD9TNGero,33.2683396,44.2283147,3.5,"['restaurant', 'food', 'point_of_interest', 'establishment']","Babylon Terminal, Baghdad International, Airport St, Baghdad",2,6
43,Snap Food restaurant - سناب فود زيونة,ChIJzwSeEb-DVxURGSx9apSCn7M,33.3252482,44.4592506,3.9,"['restaurant', 'food', 'point_of_interest', 'establishment']","قرب دار الازياء, Baghdad",2,9
44,Levant Restaurant Baghdad,ChIJLWSoinaBVxURnu-dMcR_CZ4,33.2915796,44.38997029999999,3.8,"['restaurant', 'food', 'point_of_interest', 'establishment']","Karada Street, Baghdad",2,48
45,Hundreds Baghdad,ChIJEy4015x_VxURDmCm6vAFVJ0,33.29748,44.3426482,3.7,"['restaurant', 'food', 'point_of_interest', 'establishment']","78WV+X3R, Yarmuk Street, Baghdad",2,229
46,Jadiriyah Floating Restaurant,ChIJr1MX2b9_VxURiRahEpzySdk,33.2858907,44.3779917,4.1,"['restaurant', 'food', 'point_of_interest', 'establishment']","79PH+955, Abi Nawas Street, Baghdad",2,1658
47,Muharaja Khan,ChIJdXAdgvF_VxURAMQoinxSf6k,33.3208429,44.3380291,4.2,"['restaurant', 'food', 'point_of_interest', 'establishment']","88CQ+86M, 14 Ramadan St, Baghdad",2,558
48,City Center Restaurant,ChIJGyRZztiDVxUR8WvvZ254gEk,33.3320313,44.4525546,4.0,"['restaurant', 'food', 'point_of_interest', 'establishment']","8FJ3+R27 Zayouna Mall, Falastin Street, Baghdad",2,3
49,Vibes Restaurant and Cafe,ChIJ_VipOleDVxURwylCdXbVKmE,33.3270025,44.4534744,4.3,"['restaurant', 'food', 'point_of_interest', 'establishment']","المدرسة العالمية للتايكوندو، مقابل، شارع الربيعي, Baghdad",2,140
50,Check in restaurant,ChIJmxDXofZ5VxURucY3wXpkCew,33.36666170000001,44.36422,4.2,"['restaurant', 'food', 'point_of_interest', 'establishment']","9987+MM9, Baghdad",2,9
51,Hazhan restaurant,ChIJVVCgvU-BVxUR6Q7kagRKfuc,33.3269659,44.4093905,0.0,"['restaurant', 'food', 'point_of_interest', 'establishment']","8CG5+QPX, Baghdad",2,0
52,Sinnara Restaurant,ChIJWbgR1uZ_VxURNR8nAzQ-SC8,33.2932448,44.3948797,3.9,"['restaurant', 'food', 'point_of_interest', 'establishment']","79VV+9WM, Baghdad",2,382
53,Barley Burger&Steak بارلي فرع المنصور,ChIJNfRnkl9_VxURgkfPOk719fc,33.3265618,44.3389025,4.0,"['restaurant', 'food', 'point_of_interest', 'establishment']","14 Ramadan St, Baghdad",2,1551
54,Laymona Restaurant,ChIJ8f6vdqWcVxURLXjXpu5Aqw4,33.3831545,44.4675226,4.0,"['restaurant', 'meal_takeaway', 'food', 'point_of_interest', 'establishment']","9FM8+7XH, Dakhal St, Baghdad",2,2490
55,China Restaurant,ChIJ-f9wkNKBVxURjnJrIAeCwKQ,33.2935562,44.408119,4.0,"['restaurant', 'food', 'point_of_interest', 'establishment']",Baghdad,2,117
56,Jiddu’s Restaurant,ChIJYcWgKKh-VxURjiIWEGeygZo,33.3584668,44.3238902,3.4,"['restaurant', 'food', 'point_of_interest', 'establishment']","985F+9HR, Baghdad",2,76
57,ohana restaurant,ChIJ5zS6XnKFVxURkvxCClyxByk,33.3196393,44.5005699,5.0,"['restaurant', 'food', 'point_of_interest', 'establishment']","8G92+V75, Baghdad",2,1
58,Yalanji Restaurant,ChIJOylLP2uDVxUR0BAxIPytRc0,33.3644472,44.40955899999999,3.8,"['restaurant', 'food', 'point_of_interest', 'establishment']","9C75+QRF, Palestine St, Baghdad",2,544
59,مطعم الحر,ChIJTR85Vjl5VxURO2ysaBQjkDo,33.3366571,44.39514630000001,4.0,"['restaurant', 'food', 'point_of_interest', 'establishment']","89PW+M3F, Al Rasheed St, Baghdad",2,5
60,Al-Sultan restaurant,ChIJvRjAFsR_VxURgi7Gb3qBomQ,33.2786813,44.3643858,3.9,"['restaurant', 'point_of_interest', 'food', 'establishment']","جسر الجادرية, Baghdad",2,1135
61,Al-Faisaliya Restaurant & Cafe,ChIJM8FDjraBVxURbxB7FIa8D38,33.2914023,44.4209515,4.2,"['restaurant', 'cafe', 'point_of_interest', 'food', 'establishment']","Arasat Al-Hindiyah, Baghdad",2,1213
62,Latakia Restaurant,ChIJQ8CeIKWBVxURqU8hhh9AXhE,33.2939854,44.4285297,3.8,"['restaurant', 'point_of_interest', 'food', 'establishment']","7CVH+HC8, Arasat Al-Hindiyah, Baghdad",2,420
63,Abu Ehab Restaurant,ChIJ____v9rVWRURroe8hr9NJxY,33.2653993,44.3317443,4.2,"['restaurant', 'point_of_interest', 'food', 'establishment']","788J+5M5, Baghdad",2,950
64,Bayarat Al-Sham Restaurant,ChIJw-rZ5dV_VxURPo4i9ofRJPM,33.276032,44.3654739,3.7,"['restaurant', 'point_of_interest', 'food', 'establishment']","79G8+C58، شارع قطر الندى, Baghdad",2,1948
65,مطعم قاسم ابو الكص,ChIJN5eriuB4VxURf05ZyEhmGkA,33.3673504,44.3635361,3.7,"['restaurant', 'point_of_interest', 'food', 'establishment']","9987+WCM، الاعظمية، بغداد،, Baghdad",2,3722
66,مطعم الصادق,ChIJUzxy5huCVxUR95qCMxEFLtY,33.33115799999999,44.412956,3.5,"['restaurant', 'point_of_interest', 'food', 'establishment']","8CJ7+F58, Baghdad",2,145
67,Zarzoor Restaurant - Al Karrada,ChIJo_Sb6puBVxURk6DMtTvTSYQ,33.3050498,44.4311071,3.9,"['restaurant', 'point_of_interest', 'food', 'establishment']","Fetah Square, Baghdad",2,1427
68,Alsaa'i Restaurant,ChIJA01SafaCVxURVwPCVSGFlXs,33.3584542,44.4238557,3.6,"['restaurant', 'point_of_interest', 'food', 'establishment']","9C5F+9GQ, Baghdad",2,541
69,Tannourine,ChIJsWnaav-DVxURoyY5s0oyp6U,33.32866850000001,44.4563803,4.1,"['restaurant', 'point_of_interest', 'food', 'establishment']","8FH4+FH6, Baghdad",2,749
70,Al-Jadriya Restaurant and Gardens,ChIJK1ZkeCB_VxURd2oDh4Re_pw,33.2825725,44.3921581,4.0,"['restaurant', 'point_of_interest', 'food', 'establishment']","79MR+2VF, Baghdad",2,794
71,Abu Mazen Restaurant,ChIJG4KbknaBVxURHAWMJlSOjyY,33.3010625,44.4401875,4.0,"['restaurant', 'point_of_interest', 'food', 'establishment']","8C2R+C3Qبغداد, Aqba Bin Nafi Square, Baghdad",2,901
72,Alqahira restaurant,ChIJ5x_fQW94VxURdfzs9LnO2Oo,33.3838034,44.3863327,3.5,"['restaurant', 'point_of_interest', 'food', 'establishment']","99MP+6QG، الشارع العام, Baghdad",2,623
73,Al-Amakin Restaurant,ChIJFZC5-vGDVxURJMiVmNkdjyk,33.3145029,44.465255,3.9,"['restaurant', 'point_of_interest', 'food', 'establishment']",Baghdad,2,431
74,مطعم وكافية الجنائن المعلقة,ChIJ9Y6FSHR_VxURlP3ohA3XmCs,33.318014,44.345486,3.8,"['restaurant', 'point_of_interest', 'food', 'establishment']","Babylon Mall, Baghdad",2,632
75,Al-Saqqa restaurant,ChIJdSPAvb-DVxUREcgChNddleQ,33.3568796,44.4633647,3.8,"['restaurant', 'point_of_interest', 'food', 'establishment']","9F47+Q85, Baghdad",2,216
76,Strawberry Restaurant,ChIJ_96I4gd4VxURfe_OjNpWN5M,33.3952858,44.3983493,3.7,"['restaurant', 'point_of_interest', 'food', 'establishment']","99WX+485, 23, Baghdad",2,315
77,Darwish Restaurant,ChIJcQE9t3OEVxUReEFMO5NdqmQ,33.31623,44.481469,4.0,"['restaurant', 'point_of_interest', 'food', 'establishment']","8F8J+FHX, Baghdad",2,1263
78,Restaurant gardens and palm breezes,ChIJrdDhAQeAVxURqUKhI4gNRCc,33.2599983,44.4068183,3.6,"['restaurant', 'point_of_interest', 'food', 'establishment']","مجاور كلية الفارابي, Masafi St, Baghdad",2,81
79,مطعم مسك الشام,ChIJC5lNsjCHVxURSJv6h5CkjIA,33.264275,44.47764979999999,3.8,"['restaurant', 'point_of_interest', 'food', 'establishment']","7F7H+P32، Unnamed Road, Baghdad",2,174
80,Quick Restaurant,ChIJEbZp9Ot4VxURXJFQxIGx-DU,33.3644541,44.3766787,4.1,"['restaurant', 'food', 'point_of_interest', 'establishment']","997G+QMF, Baghdad",2,109
81,Saad Restaurant for Baghdadi food,ChIJmSmG2A55VxURsOoeaqk7CHs,33.3433104,44.38814929999999,4.5,"['restaurant', 'food', 'point_of_interest', 'establishment']","89VQ+87C, Rashid Street, Baghdad",2,13
82,مطعم ابو زهراء,ChIJ0SB4f9SDVxUROMzygHN9VjI,33.336271,44.41102360000001,0.0,"['restaurant', 'food', 'point_of_interest', 'establishment']","8CP6+GC2, Baghdad",2,0
83,مطعم الرحمن( ماهر ابو الجري ),ChIJv3Ojt0x_VxURENaleYUaBTE,33.3375295,44.3862658,4.2,"['restaurant', 'food', 'point_of_interest', 'establishment']","89QP+2G6, Baghdad",2,69
84,مطعم كوست,ChIJN5vgm4eBVxURwUWqbfzjCho,33.3094662,44.4383498,4.3,"['restaurant', 'food', 'point_of_interest', 'establishment']","8C5Q+Q8Q, 52nd St, Baghdad",2,106
85,Restaurant Abu allosh,ChIJCTbQtquDVxURXIa0jkytFnA,33.3434255,44.4337478,3.4,"['restaurant', 'food', 'point_of_interest', 'establishment']","8CVM+9FH، شارع فلسطين، بغداد،, Baghdad",2,5
86,مطعم ينابيع الشام,ChIJu1qtrBZ_VxURzNkpgt0JOUA,33.3276121,44.3383761,4.0,"['restaurant', 'food', 'point_of_interest', 'establishment']","شارع 14 رمضان،, بغداد،",2,70
87,مطعم جتر جكن / چتر چكن Chitir chicken Karrada,ChIJWXfze9aBVxURinFFWmCSgjI,33.313709,44.4267787,4.4,"['restaurant', 'food', 'point_of_interest', 'establishment']","8C7G+FPW, شارع مجاور مستشفى الاهلي، النضال، Baghdad, Baghdad",2,17
88,Happy Time Restaurant,ChIJ5dPfTqGcVxURP5ZVJXM_TVs,33.3856834,44.4709505,3.9,"['restaurant', 'food', 'point_of_interest', 'establishment']","9FPC+798, Baghdad",2,392
89,مطعم السندباد Sindbad Restaurant,ChIJgT9fc_eBVxURPR6Jwwy843s,33.3246353,44.4098659,4.0,"['restaurant', 'food', 'point_of_interest', 'establishment']",Baghdad,2,215
90,Nineveh Kabab Restaurant,ChIJw0btn2B-VxURh6Yz0h8zJCI,33.3180433,44.3426619,4.1,"['restaurant', 'food', 'point_of_interest', 'establishment']","Al Mansur St, Baghdad",2,307
91,Farooj Al Abdallah Baghdad مطعم فروج العبدالله بغداد,ChIJBXV3lQmDVxURi20OH14IY2Y,33.3283668,44.4570082,4.2,"['restaurant', 'food', 'point_of_interest', 'establishment']","مقابل دار ألأزياء, Baghdad - Zayoune Street In Front Of Fashion Centre, شارع الزيونة, Baghdad",2,45
92,Chitir Chicken Central Restaurant,ChIJJZBeo3yDVxURl93G9wxBhSM,33.4002466,44.4035699,4.2,"['restaurant', 'food', 'point_of_interest', 'establishment']","23, Baghdad",2,484
93,Naranj Restaurant,ChIJ8-Ivc-R_VxURqUECEQlrsZU,33.2829903,44.3942255,4.2,"['restaurant', 'food', 'point_of_interest', 'establishment']","79MV+5MP Jamia St, شارع الجامعة، Baghdad",2,1596
94,Nasim Tigris Restaurant,ChIJt5sBH6x5VxURlLoDKemWPco,33.392538,44.3569193,3.8,"['restaurant', 'food', 'point_of_interest', 'establishment']",Baghdad,2,360
95,مطعم وفر,ChIJU0zgqIqBVxURjoNbEGMPftQ,33.29473,44.4362453,3.0,"['restaurant', 'food', 'point_of_interest', 'establishment']","Arasat Al-Hindiyah, Baghdad",2,1
96,Abu Mustafa Restaurant,ChIJNay99GF-VxURyV3ynNJipEU,33.3221875,44.3380625,3.8,"['restaurant', 'food', 'point_of_interest', 'establishment']","00, Baghdad",2,242
97,Balcony Restaurant,ChIJgakx-nSBVxUR1k392nAiGGM,33.2926945,44.42581879999999,4.2,"['restaurant', 'food', 'point_of_interest', 'establishment']","7CVG+38G, Baghdad",2,92
98,مطعم كباب اربيل,ChIJKdg2QqCBVxURmEMWnV-lm1Q,33.3039973,44.4462242,4.0,"['restaurant', 'food', 'point_of_interest', 'establishment']",الكراده ساحة التحريات، قرب شارع 52،,2,191
99,Al-Karrady Restaurant,ChIJSzcSTgqCVxURRXlmGwOJ31o,33.3460873,44.4018451,4.2,"['restaurant', 'food', 'point_of_interest', 'establishment']","8CW2+CPQ, Baghdad",2,274
100,مطعم الطائي,ChIJFaZgRRB8VxURke0xg5bU5vM,33.3602903,44.3124177,3.6,"['restaurant', 'food', 'point_of_interest', 'establishment']","9866+4X7, Baghdad",2,14
101,Jadiriyah Floating Restaurant,ChIJr1MX2b9_VxURiRahEpzySdk,33.2858907,44.3779917,4.1,"['restaurant', 'food', 'point_of_interest', 'establishment']","79PH+955, Abi Nawas Street, Baghdad",2,1658
102,مطعم كباب هوى بغداد,ChIJ2eGGQ1B_VxURS5CJgocdbdg,33.2910379,44.3487145,3.8,"['restaurant', 'food', 'point_of_interest', 'establishment']","78RX+CF8, Jinub Street, Baghdad",2,269
103,Rosemary Restaurant,ChIJqyS9K63VWRURhk72yjgL22w,33.2510277,44.352561,3.8,"['restaurant', 'food', 'point_of_interest', 'establishment']","7923+C27, Baghdad",2,446
104,مطعم العربة,ChIJqfz_gst5VxURnqUv-bF4odo,33.3911229,44.386698,3.7,"['restaurant', 'food', 'point_of_interest', 'establishment']","99RP+FM4, Baghdad",2,96
105,Rayian BBQs,ChIJP0uVlEZ4VxURQ8igYnjIZtA,33.3937675,44.3741833,3.9,"['restaurant', 'food', 'point_of_interest', 'establishment']","99VF+GM3, AL 600 St, Baghdad",2,73
106,Restaurant and Grill Rahman,ChIJ1XTNH5B_VxUR3eSL0_Koe6Q,33.290049,44.3899398,4.0,"['restaurant', 'food', 'point_of_interest', 'establishment']","24 شارع ابو نؤاس, Baghdad",2,258
107,مطعم,ChIJ1fLfhuB_VxUR02sw8ce7Cg8,33.302753,44.335261,4.6,"['restaurant', 'food', 'point_of_interest', 'establishment']","4 streets, Baghdad",2,8
108,مطعم بخار وحطب,ChIJFyVYpBd_VxURm8VDPquXH-4,33.3191655,44.3362803,4.4,"['restaurant', 'food', 'point_of_interest', 'establishment']","889P+HCC, Baghdad",2,22
109,50 grill,ChIJv8VvDll_VxURwFwJCwDMSIE,33.2999222,44.3387614,4.3,"['restaurant', 'food', 'point_of_interest', 'establishment']",Al yarmouk Baghdad Al-Mansour,2,78
110,Sports Restaurant,ChIJhwtSrVOEVxURFwR8kaCyprY,33.311549,44.5095598,3.8,"['restaurant', 'food', 'point_of_interest', 'establishment']","8G65+JRH, Unnamed Road,, Baghdad",2,656
111,Big Chicken,ChIJW3gDYF6DVxURadIw6RcFOKo,33.3492849,44.47304430000001,3.9,"['restaurant', 'food', 'point_of_interest', 'establishment']","8FXF+P67، 7 نيسان،, Baghdad",2,145
112,Restaurant and Grill Shaqlawa,ChIJMytweVWdVxURJIwO54iF3J8,33.4060875,44.3991456,3.9,"['restaurant', 'food', 'point_of_interest', 'establishment']","C94X+CMJ, Baghdad",2,155
113,Shehab’s Restaurant,ChIJjdK2bSJ5VxURhubsaCuTWZg,33.3686706,44.35346209999999,4.0,"['restaurant', 'food', 'point_of_interest', 'establishment']","9993+F98, Unnamed Rd, Baghdad",2,114
114,Al-kameh Restaurant,ChIJU2YWdfeBVxURHJ3UayMxYDE,33.3248294,44.4098342,4.1,"['restaurant', 'food', 'point_of_interest', 'establishment']","8CF5+WWP, Baghdad",2,247
115,Diwan Restaurant,ChIJNc8-KcmCVxUR__yQniMZI3I,33.3870488,44.42253669999999,3.3,"['restaurant', 'food', 'point_of_interest', 'establishment']","9CPF+R26, Baghdad",2,139
116,Al-Hati Baja Restaurant,ChIJMXz31pSBVxURevvFs35S6B4,33.30594420000001,44.4301783,3.8,"['restaurant', 'food', 'point_of_interest', 'establishment']","8C4J+93F, Baghdad",2,169
117,مطعم العريشة,ChIJ5ewR2h15VxURVWEJXGsBDU8,33.3724375,44.3598125,3.8,"['restaurant', 'meal_takeaway', 'food', 'point_of_interest', 'establishment']","99C5+XWJ, Baghdad",2,1035
118,Restaurant Matam Arshad,ChIJjbgWftCBVxURwstTGLzlK1E,33.3061442,44.45148469999999,4.3,"['restaurant', 'food', 'point_of_interest', 'establishment']","8F42+GH3، حي, Baghdad",2,71
119,El Arish Restaurant,ChIJrcBtNf9-VxURFIlCGy1lsaE,33.31619010000001,44.3566776,3.7,"['restaurant', 'food', 'point_of_interest', 'establishment']","8984+CMV, Al Mansur St, Baghdad",2,588
120,مطعم ماكولات اهل البيت,ChIJ00LmeHeFVxUR1F1aTB-bqbg,33.3054714,44.4839826,5.0,"['restaurant', 'food', 'point_of_interest', 'establishment']","8F4M+5HQ, Baghdad",2,1
121,ماكولات الاخوين,ChIJizFhjWOJVxURrco6QquD6B0,33.207138,44.5635578,0.0,"['restaurant', 'food', 'point_of_interest', 'establishment']",المدخل,2,0
122,مأكولات موسى,ChIJeezckkCEVxURDYkXZ0yVCjw,33.3071886,44.49671680000001,3.7,"['restaurant', 'food', 'point_of_interest', 'establishment']","8F4W+VMG, Baghdad",2,163
123,ماكولات الطيب,ChIJURc_5yF9VxUREne1TXg8cwY,33.36497310000001,44.2789592,3.6,"['restaurant', 'food', 'point_of_interest', 'establishment']","977H+XHW، Unnamed Road, Baghdad",2,51
124,ماكولات فلفوله,ChIJWQx67VyEVxURPMBMMcRYABg,33.3165871,44.4968394,3.9,"['restaurant', 'food', 'point_of_interest', 'establishment']","8F8W+JPP, Unnamed Road, Baghdad",2,88
125,ماكولات سنتر المدينة,ChIJK60H0WOHVxURDqs7K_XxRa0,33.2593133,44.5101606,0.0,"['restaurant', 'food', 'point_of_interest', 'establishment']","7G56+P2X, Baghdad",2,0
126,مأكولات حمصة,ChIJlcQu1m6FVxURPHDujpj7Xmg,33.3459593,44.4876746,3.8,"['restaurant', 'food', 'point_of_interest', 'establishment']","8FWQ+93M، شارع المصرف، بغداد،, Baghdad",2,11
127,ماكولات علي دبل,ChIJQW7s7n2DVxURpKlxpTkmZRs,33.3599845,44.4162663,3.9,"['restaurant', 'food', 'point_of_interest', 'establishment']","9C68+2G7، Unnamed Road, Baghdad",2,79
128,ماكولات العطشان,ChIJ5YTm6L2BVxURr1aLONMNlDs,33.3019872,44.4236697,3.7,"['restaurant', 'food', 'point_of_interest', 'establishment']",Baghdad,2,349
129,ماكولات ادو,ChIJ1cpk7hV_VxUR8dRHDpNBS_M,33.352355,44.3424489,5.0,"['restaurant', 'food', 'point_of_interest', 'establishment']","982R+WXW, Baghdad",2,5
130,مأكولات الدب,ChIJk2Xb6KZ5VxURy_EVWo81oKE,33.394031,44.3494974,3.9,"['restaurant', 'food', 'point_of_interest', 'establishment']","98VX+JR6, Baghdad",2,14
131,مأكولات عزوز,ChIJOdBYEB55VxURbDuI0EdcMug,33.3947488,44.380954,4.2,"['restaurant', 'food', 'point_of_interest', 'establishment']","99VJ+V9W, AL 600 St, Baghdad",2,123
132,ماكولات موسى,ChIJ1z9hRMODVxURTbhfSbMAlqk,33.3697974,44.42444889999999,3.0,"['restaurant', 'food', 'point_of_interest', 'establishment']",شارع الحسينية، بغداد،، 9C9F+WPW، بغداد،,2,2
133,Seafood lemon,ChIJdysr5nOAVxURC5iu1X_UvS0,33.2548814,44.4223151,3.6,"['restaurant', 'food', 'point_of_interest', 'establishment']","7C3C+XW4, Baghdad",2,354
134,Snap Food,ChIJBWYxNZ19VxURnGuguX6arbI,33.3396174,44.2767517,4.0,"['restaurant', 'food', 'point_of_interest', 'establishment']","87QG+RPR, Baghdad",2,37
135,مأكولات الشام,ChIJp7FQrJKDVxURTLrgZpMqVGI,33.3228647,44.4730332,4.9,"['restaurant', 'food', 'point_of_interest', 'establishment']","8FFF+46V، الغدير، بغداد،, Baghdad",2,7
136,ماكولات فلفولة,ChIJLVkhW53VWRURQmA1wsigkc8,33.2433011,44.3402233,0.0,"['restaurant', 'food', 'point_of_interest', 'establishment']","68VR+83H، شارع المستوصف, Baghdad",2,0
137,ماكولات محمد,ChIJf6iyuJKZVxURi_2Vs81zgmI,33.4657603,44.523572,5.0,"['restaurant', 'food', 'point_of_interest', 'establishment']","FG8F+8C3, Al Bir",2,3
138,ماكولات ابو يوسف,ChIJj4bvn9mHVxURPlpeyjxZuaE,33.2591606,44.50584689999999,0.0,"['restaurant', 'food', 'point_of_interest', 'establishment']","7G54+M82, Unnamed Road, Baghdad",2,0
139,مأكولات على النار,ChIJOxkVgTZ5VxURN39CyCpl5bY,33.391792,44.3946747,0.0,"['restaurant', 'food', 'point_of_interest', 'establishment']","99RV+PVC، 23, Baghdad",2,0
140,مأكولات سبونجي,ChIJvfqIcvDVWRURBRgYGDTZG8Y,33.271427,44.3497984,5.0,"['restaurant', 'food', 'point_of_interest', 'establishment']",78CX+HWF، بغداد،,2,4
141,ماكولات حي التجار,ChIJJ_nbn6t5VxURN-WH1Ft9-7o,33.4069576,44.3919995,0.0,"['restaurant', 'food', 'point_of_interest', 'establishment']",C94R+QQQ، Unnamed Road، الشعب,2,0
142,ماكولات علي دبل 2,ChIJJTslxcLVWRURZH_x3r46bpQ,33.2393964,44.334437,5.0,"['restaurant', 'food', 'point_of_interest', 'establishment']","68QM+QQH, Baghdad",2,1
143,مطعم ماكولات اخ بطني لبو الطاط,ChIJs3CCIT6dVxURuqHPdgphwtg,33.4468423,44.4479364,0.0,"['restaurant', 'food', 'point_of_interest', 'establishment']","CCWX+P5P, Baghdad",2,0
144,ماكولات انوش,ChIJK3QrZ_LVWRURoqam2nnNe-M,33.2320625,44.3348007,0.0,"['restaurant', 'food', 'point_of_interest', 'establishment']","68JP+Q26, Baghdad",2,0
145,مأكولات اوس,ChIJV-_S9yLVWRURrbxP6jlLVDg,33.2764225,44.3475548,4.3,"['restaurant', 'food', 'point_of_interest', 'establishment']","78GX+H25، شارع 20،, Baghdad",2,10
146,مأكولات الملك,ChIJn9fKqJCFVxURYz2vodr076M,33.317344,44.5052938,2.5,"['restaurant', 'food', 'point_of_interest', 'establishment']","8G84+W4V، Unnamed Road, Baghdad",2,2
147,ماكولات التحرير,ChIJ0_eD_nuBVxURdiVuSsAZHGk,33.3271362,44.4091642,5.0,"['restaurant', 'food', 'point_of_interest', 'establishment']",8CG5+VM3، السعدون، بغداد،،، بغداد،,2,3
148,ماكولات عمار دبل,ChIJk7v8xqKBVxURCmrhUOtwOI0,33.3263136,44.410314,0.0,"['restaurant', 'food', 'point_of_interest', 'establishment']","8CG6+G4G, Baghdad",2,0
149,ماكولات ابو رضا,ChIJj4KU6pd9VxURWaxYSogeODE,33.3558276,44.3218666,0.0,"['restaurant', 'food', 'point_of_interest', 'establishment']","984C+8QJ، Unnamed Road, Baghdad",2,0
150,ماكولات المصطفى,ChIJ2-HnWbCdVxURPjuk8YOUSd0,33.4368715,44.4421535,0.0,"['restaurant', 'food', 'point_of_interest', 'establishment']","CCPR+PVR, Baghdad",2,0
151,ماكولات الطائي,ChIJr1MDw3zVWRURb4S1LFqAdEs,33.2495174,44.3772186,5.0,"['restaurant', 'food', 'point_of_interest', 'establishment']","69XG+RV5، Unnamed Road، بغداد،، بغداد،، بغداد،, Baghdad",2,1
152,ماكولات الباشا,ChIJM0w4tQOBVxURxuKcTmUhX5A,33.256546,44.4079878,0.0,"['restaurant', 'food', 'point_of_interest', 'establishment']",7C45+J5Q، بغداد،,2,0
153,Food Majed Abu Numan,ChIJZ0TUy1ODVxURhexdScLrQZI,33.3696382,44.4679897,3.8,"['restaurant', 'food', 'point_of_interest', 'establishment']",Baghdad,2,40
154,ماكولات المصطفى,ChIJVzuEe1hjVxURtjIb-ZvUEIY,33.3854602,44.2194625,5.0,"['restaurant', 'food', 'point_of_interest', 'establishment']",96P9+5QP، السلاميات,2,1
155,ماكولات حنوش جكن,ChIJIyOMVzB5VxURAS26LGzDai4,33.3465008,44.3913893,4.5,"['restaurant', 'food', 'point_of_interest', 'establishment']","89WR+JH2, Baghdad",2,6
156,ماكولات الرياضي,ChIJ0527lE6dVxURJl7SVct5NS4,33.3997624,44.470279,0.0,"['restaurant', 'food', 'point_of_interest', 'establishment']","9FXC+V4R, Baghdad",2,0
157,ماكولات جواهر,ChIJ3WJ7Mql5VxURopfJ-dOW9Tk,33.3991832,44.3923085,0.0,"['restaurant', 'food', 'point_of_interest', 'establishment']","99XR+MWG, Baghdad",2,0
158,Boo food,ChIJlQHoZHl5VxURcZAWJTOLx6Q,33.3936425,44.39661419999999,4.5,"['restaurant', 'food', 'point_of_interest', 'establishment']","99VW+FJ5، 23, Baghdad",2,2
159,ماكولات عمار ابو الكص,ChIJOUwrhux9VxUREguHdRhbQkU,33.3450973,44.2759464,3.7,"['restaurant', 'food', 'point_of_interest', 'establishment']","87WG+29P، Unnamed Road, Baghdad",2,39
160,مأكولات الياسري,ChIJ1-llurN9VxURyqHOirl4EOA,33.3649174,44.2729985,4.6,"['restaurant', 'point_of_interest', 'food', 'establishment']","977F+X59, Baghdad",2,7
161,مأكولات علاوي النمس,ChIJWeuHLZyEVxURPs8rgrMnClo,33.345867,44.4775473,4.0,"['restaurant', 'point_of_interest', 'food', 'establishment']","8FWH+82V, Qouds St, Baghdad",2,481
162,مأكولات المهرجان,ChIJuQmtz5N5VxUR6a1Mxe_G7do,33.3597188,44.3758487,4.0,"['restaurant', 'point_of_interest', 'food', 'establishment']","995G+V8Q, جامع التميمي، بغداد،, Baghdad",2,6
163,مأكولات حكاية الشام,ChIJRxJkeTqBVxURH4B7IBprsE0,33.3051074,44.4235745,3.5,"['restaurant', 'point_of_interest', 'food', 'establishment']","8C4F+3CF, Baghdad",2,10
164,ماكولات ومشويات حجي خلف,ChIJw03RsGB5VxURkobuT23vUM4,33.3819793,44.3980963,3.8,"['restaurant', 'point_of_interest', 'food', 'establishment']",99JX+Q6X، بغداد،,2,4
165,مأكولات 24ساعة,ChIJxaKesXWBVxURIX9kJmAZs_k,33.3107111,44.4286298,0.0,"['restaurant', 'point_of_interest', 'food', 'establishment']","النضال, Baghdad",2,0
166,مأكولات الشمري,ChIJlcCYs_N5VxUR_elaZjl9FiY,33.3918321,44.3414053,4.0,"['restaurant', 'point_of_interest', 'food', 'establishment']","98RR+PHF، Unnamed Road،، بغداد،، بغداد،, Baghdad",2,2
167,مأكولات البالوت,ChIJ36nA8TzXWRURwFcjAChmHx4,33.2857016,44.30213579999999,1.0,"['restaurant', 'point_of_interest', 'food', 'establishment']","78P2+7VJ, Unnamed Road, Baghdad",2,1
168,ماكولات علاوي,ChIJN74o2Yh5VxURSLJ-yoFU8fs,33.3959678,44.36037229999999,0.0,"['restaurant', 'point_of_interest', 'food', 'establishment']",99W6+94Q، بغداد،,2,0
169,مطعم مأكولات بغداد,ChIJYQzWqVF_VxURd5gkn_gv-qg,33.3178697,44.35525459999999,5.0,"['restaurant', 'point_of_interest', 'food', 'establishment']","8994+44R، شارع الرواد، بغداد،, Baghdad",2,1
170,مأكولات اللؤلؤة,ChIJcWXuCSuFVxUR-ex9GUJ-SpU,33.305752,44.4880281,3.8,"['restaurant', 'point_of_interest', 'food', 'establishment']","8F4Q+866, Baghdad",2,4
171,ماكولات قحطان,ChIJAf6YpPSBVxURWPo1gCGT4ww,33.309144,44.4239746,5.0,"['restaurant', 'point_of_interest', 'food', 'establishment']","Hadi Enad Al Janabi, Karada Dahil, Baghdad",2,1
172,مأكولات الابتسام فرع 600,ChIJ63vj7hN5VxURxAv5b7PIxlQ,33.3937665,44.374177,4.1,"['restaurant', 'point_of_interest', 'food', 'establishment']","99VF+GM7, AL 600 St, Baghdad",2,81
173,Food Alloush,ChIJy6MyneiaVxURIf3u7zbQzyw,33.3696454,44.5220333,4.0,"['restaurant', 'point_of_interest', 'food', 'establishment']","محطه وقود دره العراق المشيده، شارع المحطة, Baghdad",2,38
174,Food Restaurant million Afia,ChIJTc3t41ibVxURWbxt-emW-qQ,33.3811785,44.4768649,4.1,"['restaurant', 'point_of_interest', 'food', 'establishment']","9FJG+FP9, Baghdad",2,81
175,ماكولات حمزاوي,ChIJk3QuCb7VWRURECYM4utbG10,33.2593394,44.3549625,0.0,"['restaurant', 'point_of_interest', 'food', 'establishment']","7953+PXH، شارع التجاري، بغداد،, Baghdad",2,0
176,ماكولات الشنب,ChIJBTbvsUXXWRURkv1kPY3LzpA,33.2972122,44.2861762,0.0,"['restaurant', 'point_of_interest', 'food', 'establishment']","77WP+VFM، شارع المنظمة, Baghdad",2,0
177,ماكولات سيد عمار,ChIJv_iPTP9_VxURPylQDHEyaJM,33.3603263,44.3280635,4.5,"['restaurant', 'point_of_interest', 'food', 'establishment']","986H+46M, Unnamed Road,،, Baghdad",2,2
178,مأكولات حكاية الشام,ChIJh78ZxM5_VxURcgqeGtBQlUo,33.2975647,44.34279739999999,0.0,"['restaurant', 'point_of_interest', 'food', 'establishment']","78WR+XR2, Baghdad",2,0
179,ماكولات علي رهية,ChIJQeIonE99VxURPlIhomPl-Fw,33.37431249999999,44.2859375,4.3,"['restaurant', 'point_of_interest', 'food', 'establishment']",97FP+P9Q بغداد shu3la,2,9
180,كوفي شوب,ChIJiTt0VIiBVxURPRgl42e3D-U,33.3075159,44.4408141,3.3,"['cafe', 'food', 'point_of_interest', 'establishment']","8C5R+284, Baghdad",2,6
181,كوفي شوب,ChIJXckE6KF7VxURFoI8T2cKn_E,33.3855119,44.3197963,3.3,"['cafe', 'food', 'point_of_interest', 'establishment']","98P9+5WG, Muhit Street, Baghdad",2,23
182,We cafe,ChIJxe02KkZ_VxURoRYuDdBPrwY,33.3248129,44.3562507,4.2,"['cafe', 'store', 'restaurant', 'food', 'point_of_interest', 'establishment']","Baghdad-almansur, Baghdad",2,130
183,710 cafe,ChIJZ5m3PyqDVxURHXCVr_YOHqc,33.3226664,44.4631634,4.3,"['cafe', 'store', 'food', 'point_of_interest', 'establishment']","8FF7+375, Baghdad",2,9
184,CLASS CAFÉ,ChIJf_hW1Xd_VxURbxLNqqRFddU,33.3072612,44.3461689,4.2,"['restaurant', 'cafe', 'store', 'food', 'point_of_interest', 'establishment']","Al, Amirat St, Baghdad",2,102
185,Latino cafe,ChIJE3FWSn15VxUR_-mHLpUolQc,33.3746431,44.3709431,4.6,"['cafe', 'store', 'food', 'point_of_interest', 'establishment']","مجاور فاير فاير, Asmai Street, Baghdad",2,10
186,بابونج كافيه babong cafe,ChIJBdj9Xm6BVxURQ0HwTRCm1aI,33.3093998,44.4293443,4.5,"['cafe', 'store', 'food', 'point_of_interest', 'establishment']","8C5H+QP5, Wathiq Square, Baghdad",2,6
187,LA CASA CAFE,ChIJ6fAm_quBVxURfv-oE0ktDuU,33.2988125,44.4320625,4.3,"['cafe', 'food', 'point_of_interest', 'establishment']","7CXJ+GRM, Baghdad",2,82
188,Barberry Cafe,ChIJSa5hfF2DVxURz6-ZrSutA3U,33.3324409,44.4521125,4.5,"['cafe', 'food', 'point_of_interest', 'establishment']","Zaiwna Mall, Zaiwna",2,2
189,snooker cafe,ChIJT-77gbCHVxURKSohYoJ_NG0,33.2653225,44.4825148,2.3,"['cafe', 'store', 'food', 'point_of_interest', 'establishment']","7F8M+42M, Baghdad",2,3
190,Cup way café,ChIJL8RwPa1_VxUROVfvr4TIfVc,33.311343,44.3640674,4.0,"['cafe', 'food', 'point_of_interest', 'establishment']","8967+GJP, مجمع الزهور الطبي، شارع, Baghdad",2,13
191,ICON CAFE,ChIJKZ3KwWB_VxURBk_GT6Vyays,33.28844280000001,44.3858673,4.3,"['cafe', 'store', 'food', 'point_of_interest', 'establishment']","79QP+98H, Baghdad",2,114
192,Cafe day,ChIJNfdZBH-BVxURhHxffv-fjcs,33.3071211,44.4487557,4.0,"['cafe', 'food', 'point_of_interest', 'establishment']","8C4X+RGR, Baghdad",2,13
193,Lava Cafe - لاڤا كافيه,ChIJq7EuIKt_VxURb5kG1bwj1UI,33.2958204,44.3383017,3.3,"['cafe', 'store', 'food', 'point_of_interest', 'establishment']","شارع, Baghdad",2,49
194,Cavlli cafe & rest,ChIJWw-th-aBVxURB2CP9-ahsjI,33.3071162,44.4304453,4.2,"['cafe', 'store', 'food', 'point_of_interest', 'establishment']","8C4J+R5W, Baghdad",2,136
195,Fayrouz Cafe-فيروز كافيه,ChIJq-U-MyV_VxURHqC_ScN9cT8,33.2864252,44.3851596,4.2,"['cafe', 'store', 'food', 'point_of_interest', 'establishment']","79PP+H3F, Unnamed Road, Baghdad",2,191
196,Petit Café,ChIJ0zwE7neBVxURwZJBPrn3Xao,33.3049465,44.4379186,3.9,"['cafe', 'food', 'point_of_interest', 'establishment']","8C3Q+X5F, Baghdad",2,34
197,"Royal café, كوفي رويال",ChIJg12yBSV3VxURBWT53fk-bCQ,33.41262950000001,44.3834706,5.0,"['cafe', 'food', 'point_of_interest', 'establishment']","C97M+395, مجاور محكمة الشعب Road،, الشعب",2,1
198,Meeting cafe&resturant,ChIJuRgx-QmBVxUR-W_2p94e5Z0,33.3074232,44.4407168,5.0,"['cafe', 'store', 'food', 'point_of_interest', 'establishment']","8C4R+X8M, 52nd St, Baghdad",2,1
199,Brothers cafe,ChIJTZoTkBGDVxUR8QidCAFT06g,33.3630646,44.4189369,4.2,"['cafe', 'store', 'food', 'point_of_interest', 'establishment']","9C79+6HX, Baghdad",2,42
200,Pluto Cafe - بلوتو كافيه,ChIJ-7f6TP59VxURhohoR9zOUkM,33.34799030000001,44.3088595,4.4,"['cafe', 'store', 'food', 'point_of_interest', 'establishment']","88X5+5GQ, شارع, ٣٠",2,5
201,كوفي شوب الاوربية,ChIJZQ7m62GDVxURB2rRasmFrEI,33.34879180000001,44.4738507,3.6,"['cafe', 'food', 'point_of_interest', 'establishment']","8FXF+GHC, Baghdad",2,43
202,Alcaptain cafe,ChIJI1lcb76BVxURKmQu4nG-wp8,33.2953437,44.4252513,0.0,"['cafe', 'store', 'food', 'point_of_interest', 'establishment']","7CWG+44J, Baghdad",2,0
203,American Democracy Cafe,ChIJS9R9B3d_VxURdak7GSV5oD8,33.2974241,44.34399940000001,0.0,"['cafe', 'food', 'point_of_interest', 'establishment']","الاربع شوارع, Baghdad",2,0
204,Amigos cafe,ChIJr3B1mHB_VxURKpf0KZwkhRw,33.2975159,44.3402001,5.0,"['cafe', 'store', 'food', 'point_of_interest', 'establishment']","78XR+238, Baghdad",2,1
205,چكمچة Cafe &Rest-HOUSE,ChIJnfdAUC9_VxURM3ccc_jj8VY,33.3181376,44.3417205,3.8,"['cafe', 'store', 'food', 'point_of_interest', 'establishment']",Baghdad,2,17
206,Taz cafe /تاز كافيه,ChIJ6XTGFFzVWRURTcbB13WaPVg,33.2447524,44.3570973,0.0,"['cafe', 'store', 'food', 'point_of_interest', 'establishment']","69V4+WRP, شارع الخلفاء الراشدين،, Baghdad",2,0
207,لي كافيه - Lee café,ChIJYXxhVsN_VxURYbnygfSyRJo,33.3129906,44.336414,4.1,"['cafe', 'food', 'point_of_interest', 'establishment']",شارع التانكي المنصور,2,266
208,Green Beans Coffee,ChIJldnrlDHaWRURIw86InpfjXw,33.2593389,44.2158264,4.4,"['cafe', 'food', 'point_of_interest', 'establishment']","7658+P8F, Baghdad",2,98
209,Mdalal Cafe,ChIJNfvuVDh5VxURKVGwzVbrVSM,33.3432252,44.3864648,4.4,"['cafe', 'food', 'point_of_interest', 'establishment']","89VP+7H7, Baghdad",2,10
210,مزاج كافيه (cafe mazaj),ChIJDTlWJ9R9VxUR4rPDjzVHgO4,33.3436446,44.3197735,5.0,"['cafe', 'store', 'food', 'point_of_interest', 'establishment']","88V9+FWC, الحرية، بغداد،، بغداد،،, Baghdad",2,1
211,TCHE TCHE Cafe’,ChIJZ4JKvqeBVxURk0uKm0LAkgI,33.3091907,44.43701009999999,4.0,"['cafe', 'food', 'point_of_interest', 'establishment']","8C5P+MR6, 42nd St, Baghdad",2,351
212,Garam Cafe,ChIJZ0JBuHp_VxURBktMIvXsuzA,33.3022239,44.337178,4.1,"['cafe', 'store', 'food', 'point_of_interest', 'establishment']","616 Alley The Four Street Al, Baghdad",2,362
213,EXPRESSO CAFE,ChIJgyw1xYR5VxURwwWrroes5dw,33.3949027,44.3810805,4.8,"['cafe', 'store', 'food', 'point_of_interest', 'establishment']","99VJ+XC4, AL 600 St, Baghdad",2,6
214,الشايب كافية alShaib Cafe,ChIJ7QUT43-dVxURtXwulXgseRw,33.4016131,44.4184604,3.2,"['cafe', 'food', 'point_of_interest', 'establishment']","CC29+J9W, Unnamed Road،, Baghdad",2,6
215,دلاس كافية - Dalas Cafe & Rest,ChIJLUkSIyx_VxURDyIUg_NHkc4,33.3100975,44.3397283,4.0,"['cafe', 'store', 'food', 'point_of_interest', 'establishment']","14 Ramadan St, Baghdad",2,4
216,cafe meeting,ChIJ_bkx0HmBVxURAt6iyHrwzcg,33.3050918,44.4399289,2.8,"['cafe', 'food', 'point_of_interest', 'establishment']","8C4Q+3X6, Baghdad",2,4
217,AQUA CAFE IRAQ,ChIJfVZQVOx_VxURgz2AatuEeqE,33.2807389,44.38730349999999,4.0,"['cafe', 'food', 'point_of_interest', 'establishment']","79JP+7WV, Baghdad",2,145
218,PUBG CAFE,ChIJIZgvGnaDVxURGyrrjYOHHmU,33.3270811,44.4586961,3.7,"['cafe', 'food', 'point_of_interest', 'establishment']",Baghdad,2,67
219,Q cafe كيو كافيه,ChIJk86dyzOBVxURPq2aKm_hWw8,33.3076264,44.4371821,1.8,"['cafe', 'food', 'point_of_interest', 'establishment']",شارع 42، بغداد،،,2,4
220,Pochinki cafe كوفي شوب بوشنكي,ChIJ4znjTy-FVxURYyVzOeDFieA,33.3561759,44.5022404,3.0,"['cafe', 'food', 'point_of_interest', 'establishment']","9G42+FVH, Unnamed Road, Baghdad",2,2
221,Gardienya cafe,ChIJb817YvV9VxURyUcOOpeQmjo,33.332794,44.3137201,4.4,"['cafe', 'food', 'point_of_interest', 'establishment']","88M7+4F5, Baghdad",2,14
222,CORNER café for Coffee and Lokma,ChIJuQtwgDmDVxURhREOfT9p3mc,33.3242487,44.4504915,4.3,"['cafe', 'store', 'food', 'point_of_interest', 'establishment']","Ziyouna Baghdad, 714",2,18
223,My Coffee,ChIJMV8fgDLXWRURYFcIndhzZSg,33.3006138,44.2898151,4.3,"['cafe', 'food', 'point_of_interest', 'establishment']","872Q+6WW, Baghdad",2,31
224,MOOD Cafe,ChIJo34h17ODVxURztfQRVxPCGc,33.3442238,44.4348924,3.9,"['cafe', 'food', 'point_of_interest', 'establishment']","8CVM+MXJ, Bur Said (Port Said) Street, Baghdad",2,16
225,Peace baghdad café,ChIJraSS__KBVxUR_CSW5rHcs60,33.3174758,44.4156938,4.1,"['cafe', 'food', 'point_of_interest', 'establishment']","8C88+X7W, Abu Nuw'as Street, Baghdad",2,26
226,كوبانو كافيه,ChIJFctBvrOBVxURT75rrQPPY5U,33.30631839999999,44.4494434,3.5,"['cafe', 'store', 'food', 'point_of_interest', 'establishment']","8C4X+GQG, Unnamed Road, Baghdad",2,2
227,GRATO CAFE,ChIJ63iFbEl_VxURCSh6C9M03lw,33.312218,44.36481850000001,4.5,"['cafe', 'food', 'point_of_interest', 'establishment']","8967+VWP, Baghdad",2,2
228,Swan Cafe,ChIJQckhF3iBVxUR2egkrzt4Rkc,33.3059118,44.4380543,3.6,"['cafe', 'food', 'point_of_interest', 'establishment']","42nd St, Baghdad",2,139
229,META Cafe,ChIJ3x5DDit5VxURSZk09H5jJt4,33.3752793,44.3713359,5.0,"['cafe', 'store', 'food', 'point_of_interest', 'establishment']","99GC+2GF, Asmai Street, Baghdad",2,1
230,TOP8 cafe,ChIJh31VebN_VxURUelkKnn6xYY,33.3375934,44.32600170000001,3.6,"['cafe', 'store', 'food', 'point_of_interest', 'establishment']","88QG+29W, Rabie St, Baghdad",2,19
231,Mazaj Cafe,ChIJj-G9VgWBVxURZr43I-R6kpI,33.3096166,44.4251306,4.4,"['cafe', 'food', 'point_of_interest', 'establishment']","8C5G+V25, Baghdad",2,29
232,Dose Cafe Iraq,ChIJSfzcGvl_VxURkRwLNMGRIuc,33.315638,44.3657693,4.5,"['cafe', 'store', 'food', 'point_of_interest', 'establishment']","8988+782, Baghdad",2,2
233,Shabandar cáfe,ChIJX3uhSLJ4VxURFBvNIuUe5bI,33.3401969,44.3881023,4.4,"['cafe', 'food', 'point_of_interest', 'establishment']","89RQ+36H, Baghdad",2,623
234,Arena Cafe- ارينا كافيه,ChIJOVpNDdt_VxURmKipivPSEQA,33.318054,44.3536751,3.8,"['cafe', 'store', 'food', 'point_of_interest', 'establishment']","8993+6FG, Rowad St, Baghdad",2,8
235,Black Cafe,ChIJw1rj2FZ_VxURXoleYvqQDdo,33.2916639,44.3510292,0.0,"['cafe', 'store', 'food', 'point_of_interest', 'establishment']","79R2+JCX, Unnamed Road, Baghdad",2,0
236,Cafe KOKE,ChIJnywEOX99VxURiRIOTlXCk64,33.3680766,44.2768012,0.0,"['cafe', 'food', 'point_of_interest', 'establishment']","Unnamed Road،, Baghdad",2,0
237,Veiw Cafe,ChIJPea72EZ5VxURgpZAPvL6jhg,33.374024,44.39034729999999,0.0,"['cafe', 'store', 'food', 'point_of_interest', 'establishment']","99FR+99R, Baghdad",2,0
238,brod cafe,ChIJVfOm4AXVWRURJrj45jWhLFg,33.2328161,44.3298628,0.0,"['cafe', 'store', 'food', 'point_of_interest', 'establishment']","68MH+4WH, شارع السياب, Baghdad",2,0
239,13 cafe,ChIJc7BerlZ5VxURu2J9tBNNIJM,33.3916159,44.3938233,5.0,"['cafe', 'store', 'food', 'point_of_interest', 'establishment']","99RV+JGW, 23, Baghdad",2,2
240,مقهى فضوة عرب,ChIJIfLEJI2DVxUR5bebqpr_4mQ,33.3344811,44.4097247,3.8,"['cafe', 'food', 'point_of_interest', 'establishment']","8CM5+QVX, Baghdad",2,417
241,Hassan Ajami cafe,ChIJMxEHx7F4VxUR6msKXqiabeQ,33.3426637,44.3887553,3.8,"['cafe', 'food', 'point_of_interest', 'establishment']","89VQ+3GC, Baghdad",2,202
242,Al Beiruty Cafe,ChIJDze7sNJ4VxUR55HtUeY1aqQ,33.3455287,44.37005,4.0,"['cafe', 'food', 'point_of_interest', 'establishment']","89WC+62H, Haifa St, Baghdad",2,6561
243,Dar Al-Atraqchi Cafe,ChIJnxnqPpN_VxURI5KI6z0EonM,33.2843491,44.3863657,3.9,"['cafe', 'food', 'point_of_interest', 'establishment']","79MP+PHR, Baghdad",2,1096
244,Al-Tatanji Cafe,ChIJi6sE4T5_VxURtnq6jj2z8aU,33.3370754,44.3860986,4.1,"['cafe', 'food', 'point_of_interest', 'establishment']","89PP+RCQ، Unnamed Road, Baghdad",2,175
245,مقهى انا وليلى,ChIJf9Re0L2BVxURQ2URr78-O7c,33.3017198,44.4236823,4.1,"['cafe', 'food', 'point_of_interest', 'establishment']","8C2C+R6J مقابل مجموعة الربيعي, Baghdad",2,193
246,مقهى الباشا/ الكرخ,ChIJ2QbEnw1_VxURxSt-6qJ2Lms,33.3415807,44.3774947,4.2,"['cafe', 'food', 'point_of_interest', 'establishment']","89RG+JXQ, Unnamed Road, Baghdad",2,149
247,Abu Haloub Cafe,ChIJHWOFypaBVxURB7jr0jzdcWs,33.3070443,44.4241047,3.9,"['cafe', 'food', 'point_of_interest', 'establishment']","8C4F+QJX, Baghdad",2,985
248,مقهى سماور التراثي,ChIJ0W-n6MTVWRURBi3Pt5FQ0EA,33.2330362,44.3302345,3.8,"['cafe', 'store', 'food', 'point_of_interest', 'establishment']","68MJ+639, Baghdad",2,6
249,مقهى الكادحين,ChIJD9INLxZ8VxURB7b6jTLf4-g,33.353757,44.3113257,3.5,"['cafe', 'food', 'point_of_interest', 'establishment']","9836+GG4, Baghdad",2,57
250,مقهى ملتقى الاسطورة,ChIJ_RNYBLF4VxURlBJXMbDiVtU,33.3437447,44.3870044,4.2,"['cafe', 'food', 'point_of_interest', 'establishment']","89VP+GR7، شارع, Baghdad",2,152
251,أوتار كافيه - Awtar Cafe,ChIJgam4IW6HVxUR3JYiZbrLzqs,33.246502,44.4894599,3.7,"['cafe', 'food', 'point_of_interest', 'establishment']","6FWQ+HQV, Baghdad",2,24
252,مقهى السفينة,ChIJl0HmgSJ5VxUR0UwREQ8xfcg,33.3702552,44.3542127,3.9,"['cafe', 'food', 'point_of_interest', 'establishment']","99C3+4M4, Unnamed Road,, Baghdad",2,78
253,Shabandar cáfe,ChIJX3uhSLJ4VxURFBvNIuUe5bI,33.3401969,44.3881023,4.4,"['cafe', 'food', 'point_of_interest', 'establishment']","89RQ+36H, Baghdad",2,623
254,Coffee and policy,ChIJSRRDmR-HVxURR-aD7YH7ZU8,33.25107490000001,44.4945598,3.9,"['cafe', 'food', 'point_of_interest', 'establishment']","7F2V+CRM, Unnamed Road, Baghdad",2,24
255,مقهى ركن المتحف,ChIJUeaqQ1R_VxURTetuaAaZFhA,33.3283905,44.3841221,4.0,"['cafe', 'store', 'food', 'point_of_interest', 'establishment']","89HM+9M6, العلاوي،",2,1
256,مقهى و دار القشلة التراثي,ChIJvSNMy2B-VxURW3hvUF2n4OM,33.3176291,44.3403504,3.3,"['cafe', 'store', 'food', 'point_of_interest', 'establishment']","889R+352، شارع المنصور, Baghdad",2,30
257,مقهى ليالي الكرادة,ChIJtdH7pfuBVxUR0xDCSF7z-W0,33.2947413,44.4078512,4.1,"['cafe', 'food', 'point_of_interest', 'establishment']","7CV5+V4X, Baghdad",2,7
258,مقهى الانگليزي,ChIJvVBAQAKDVxURJlbHyYzk1sQ,33.3658102,44.4481345,3.6,"['cafe', 'food', 'point_of_interest', 'establishment']","9C8X+877, Dakhal St, Baghdad",2,15
259,مقهى الدليمي التراثي,ChIJhWfKHHN5VxURXQeNvy6ICqI,33.3447018,44.3850065,4.0,"['cafe', 'food', 'point_of_interest', 'establishment']","Radia Mosque, شارع الاعظمية، Baghdad",2,4
260,مقهى علاء الدين,ChIJS4qlGoiBVxUROgrCLvupXVM,33.25739970000001,44.4080745,3.7,"['cafe', 'food', 'point_of_interest', 'establishment']","7C45+X64, Abu Tayara St, Baghdad",2,137
261,مقهى الفضاء,ChIJo5M53xN5VxURdQUEPBq58hY,33.3933092,44.35526600000001,4.1,"['cafe', 'food', 'point_of_interest', 'establishment']","99V4+84J, Baghdad",2,92
262,مقهى بغداد التراثي,ChIJa7qIbwXVWRURWfKf2-zRHnk,33.2514081,44.3613115,3.6,"['cafe', 'food', 'point_of_interest', 'establishment']","7926+GGG, مقابل سكة القطار، القادسية .مجاور علوة سيد الخضار،، بغداد،، بغداد،،, Baghdad",2,20
263,Damasquino Coffee Shop,ChIJD3KXuiV-VxURLd4XVRaq390,33.2878115,44.3502118,3.9,"['cafe', 'food', 'point_of_interest', 'establishment']","79Q2+43Q، Unnamed Road, Baghdad",2,235
264,مقهى الحجي,ChIJ89hJKk55VxUR6FzWfInMVEU,33.3599263,44.3417592,4.0,"['cafe', 'food', 'point_of_interest', 'establishment']","985R+XP6, Baghdad",2,21
265,مقهى كلكامش,ChIJidCGs9GBVxURFF-udwmj7HY,33.30862219999999,44.4235891,4.1,"['cafe', 'food', 'point_of_interest', 'establishment']","8C5F+CCW, Baghdad",2,162
266,مقهى ليالي زيونة,ChIJdw6KTF2DVxURBoEByOO90oA,33.3242454,44.4448356,3.8,"['cafe', 'food', 'point_of_interest', 'establishment']","8CFV+MWW, سوق المدينة،, Baghdad",2,29
267,مقهى الاسطورة,ChIJI-2WgTiFVxUR-OEDSh4vOso,33.3054801,44.4867402,3.9,"['cafe', 'food', 'point_of_interest', 'establishment']","8F4P+5MX, Baghdad",2,19
268,مقهى ابراهيم أفندي,ChIJ26UyaIeDVxURca3XuKQbcy8,33.35314630000001,44.4166924,5.0,"['cafe', 'store', 'food', 'point_of_interest', 'establishment']",9C38+7M4، Unnamed Road،، بغداد،،,2,4
269,Al-Remas Coffee,ChIJWbkUf4mDVxURrrZMF39kssg,33.3217086,44.4724307,3.9,"['cafe', 'food', 'point_of_interest', 'establishment']","8FCC+PW5, Baghdad",2,19
270,مقهى الربيع Coffee AL-Rabee,ChIJW50nEvN7VxURy2xhovb70SY,33.3863751,44.3227408,3.9,"['cafe', 'store', 'food', 'point_of_interest', 'establishment']","98PF+G3X, Muhit Street, Baghdad",2,68
271,LA CASA CAFE,ChIJ6fAm_quBVxURfv-oE0ktDuU,33.2988125,44.4320625,4.3,"['cafe', 'food', 'point_of_interest', 'establishment']","7CXJ+GRM, Baghdad",2,82
272,Apple Cafe (the finest types of hot drinks),ChIJBb4_UrmcVxURjXzLMSJgBR8,33.3899699,44.46017519999999,4.1,"['cafe', 'food', 'point_of_interest', 'establishment']",سوق مريدي بغداد مدينة الصدر,2,48
273,Swan Cafe,ChIJQckhF3iBVxUR2egkrzt4Rkc,33.3059118,44.4380543,3.6,"['cafe', 'food', 'point_of_interest', 'establishment']","42nd St, Baghdad",2,139
274,مقهى ديكان,ChIJkWwyxNp5VxUR4Wv66mDkJAw,33.3360884,44.3959216,3.3,"['cafe', 'food', 'point_of_interest', 'establishment']","89PW+C9C، شارع الرشيد، بغداد،, Baghdad",2,3
275,TCHE TCHE Cafe’,ChIJZ4JKvqeBVxURk0uKm0LAkgI,33.3091907,44.43701009999999,4.0,"['cafe', 'food', 'point_of_interest', 'establishment']","8C5P+MR6, 42nd St, Baghdad",2,351
276,مقهى الجادرية,ChIJo2WC5H9_VxURnISLXjBZCRc,33.2826886,44.3935714,4.0,"['cafe', 'food', 'point_of_interest', 'establishment']","79MV+3CG, Baghdad",2,4
277,Shahrazad Cafe,ChIJ5w8wLv9-VxUR9f_HO-6uPF0,33.3164702,44.357168,3.6,"['cafe', 'food', 'point_of_interest', 'establishment']","8984+HVM, Baghdad",2,253
278,مقهى علي فاروق,ChIJdXfgcgCDVxURj6Wk49pw3Qo,33.3375775,44.4051842,3.6,"['cafe', 'store', 'food', 'point_of_interest', 'establishment']","8CQ4+23F, Baghdad",2,14
279,مقهى الذهبي,ChIJR0PLo92DVxURXBOrFJqnxgE,33.3618006,44.4444837,3.9,"['cafe', 'food', 'point_of_interest', 'establishment']","9C6V+PR2, Baghdad",2,49
280,واي كافيه - cafe why,ChIJ5W_S6baDVxURTB2Dsnc22eU,33.3219789,44.4640229,4.6,"['cafe', 'food', 'point_of_interest', 'establishment']","شارع دار الازياء, Baghdad",2,28
281,ميكانو كافيه (مقهى الرواد),ChIJJx_MvXB_VxUR_fK0YUmKCNM,33.3177526,44.3550035,4.5,"['cafe', 'food', 'point_of_interest', 'establishment']","8993+4X9, Baghdad",2,11
282,مقهى باب الحارة,ChIJdQl7UbDVWRUR-pih2AOpmHg,33.2383173,44.3377395,4.1,"['cafe', 'food', 'point_of_interest', 'establishment']","68QQ+83P, Baghdad",2,26
283,كوفي شوب الرمال,ChIJCwKFc9eDVxURzFSxC5ydBqY,33.3418921,44.470646,4.3,"['cafe', 'food', 'store', 'point_of_interest', 'establishment']","8FRC+Q72، Unnamed Road, Baghdad",2,31
284,Fayrouz Cafe-فيروز كافيه,ChIJq-U-MyV_VxURHqC_ScN9cT8,33.2864252,44.3851596,4.2,"['cafe', 'food', 'store', 'point_of_interest', 'establishment']","79PP+H3F, Unnamed Road, Baghdad",2,191
285,مقهى المدلل,ChIJr4BPFiV5VxURykWuBlm-RoI,33.3432583,44.3870163,4.0,"['cafe', 'food', 'point_of_interest', 'establishment']","89VP+8R2, ساحة الميدان،, Baghdad",2,36
286,كوفي شوب Today,ChIJI33QD8l5VxURcS0fd-2zfTI,33.4186761,44.3625459,3.5,"['cafe', 'food', 'point_of_interest', 'establishment']","C997+F27, Baghdad",2,2
287,مقهى جواهر,ChIJabefsAODVxURvsEb3WZCzYI,33.332337,44.4106513,4.5,"['cafe', 'food', 'point_of_interest', 'establishment']",Unnamed Road، بغداد، بغداد فضوك,2,2
288,Alps Cafe,ChIJTQQTUs5_VxUR8MMJt36VhQ0,33.3058125,44.3418125,4.5,"['cafe', 'food', 'point_of_interest', 'establishment']","884R+8PR, Baghdad",2,121
289,London cafe,ChIJBdMqRLyDVxUR919DQgSOX6k,33.3317796,44.4527679,4.3,"['cafe', 'food', 'point_of_interest', 'establishment']","8FJ3+P42, Baghdad",2,11
290,مقهى الحطاب Coffee Alhattab,ChIJb0Ly9P3VWRUR9J-2A3H9rMc,33.2510625,44.3528125,4.2,"['cafe', 'food', 'store', 'point_of_interest', 'establishment']","السيدية، بغداد،, Baghdad",2,31
291,مقهى الفردوس,ChIJGYBwuUx_VxURl_OpICrpgXY,33.33711470000001,44.3860565,3.9,"['cafe', 'food', 'point_of_interest', 'establishment']","89PP+RCV, Baghdad",2,15
292,مقهى ابو زعبل؟,ChIJSU9m2ZODVxURB3p9PYgkclo,33.3883933,44.4141424,4.0,"['cafe', 'food', 'point_of_interest', 'establishment']","9CQ7+8MP, Baghdad",2,29
293,Captain's Café,ChIJyzLyBmF_VxURFP_RQ__hl7M,33.3296509,44.384317,3.7,"['cafe', 'food', 'point_of_interest', 'establishment']",شارع 6، بغداد،,2,3
294,مقهى كلاسيكو الاصدقاء,ChIJV4n8bQ2FVxURpheLT5axBHQ,33.2903142,44.54285489999999,4.0,"['cafe', 'food', 'store', 'point_of_interest', 'establishment']","شارع ألسده, الكرغوليه",2,4
295,Ercal cafe كافية ايركال,ChIJIVn5JLd9VxURz5__3K4vnsI,33.3186487,44.3235512,4.3,"['cafe', 'food', 'point_of_interest', 'establishment']","AL-RABEE شارع فلكة شبوط, Baghdad",2,9
296,مطعم و مقهى الصيد التراثي,ChIJWUQyqFx-VxUR9Kvb04sxDmI,33.3105978,44.3473142,4.3,"['restaurant', 'cafe', 'food', 'point_of_interest', 'establishment']",Baghdad,2,51
297,Rihanna Cafe,ChIJW0FY5heDVxURmCamQYgnbtg,33.363943,44.4474294,4.2,"['cafe', 'food', 'point_of_interest', 'establishment']","9C7W+HXF, Baghdad",2,13
298,مقهى السلطان,ChIJIeTCFZOBVxURmMprHyZ4vnE,33.2468822,44.4336332,0.0,"['cafe', 'food', 'store', 'point_of_interest', 'establishment']","6CWM+PF7, Baghdad",2,0
299,مقهى ابو حازم,ChIJKbVtpq55VxUR1WN5E1B-Jpg,33.4080141,44.3556834,5.0,"['cafe', 'food', 'point_of_interest', 'establishment']","C954+774, Baghdad",2,1
